{
    "loss": 3.838543653488159,
    "accuracy": 0.728137731552124
}