{
    "loss": 5.054152965545654,
    "accuracy": 0.719981849193573
}