{
    "loss": 13.513176918029785,
    "accuracy": 0.690077006816864
}